Date,Vendor,Description,Amount
2023-01-19,Party Time Balloon Co.,balloon arch + centerpieces,45.93
01/19/2023,TONY'S PIZZA CO,party pizza package,36.03
01/19/2023,Theme Party Decor Co,themed decor set,32.77
1/30/23,Party Time Balloon Co.,balloon arch + centerpieces,44.84
1/30/23,Tony's Pizza,party pizza package,31.82
01/30/2023,Theme Party Decor Co,themed decor set,37.41
1/16/23,Party Time Balloons,balloon arch + centerpieces,"$38.74"
1/16/23,Tonys Pizza,party pizza package,"$34.18"
1/16/23,THEME PARTY DECOR CO.,themed decor set,"$32.82"
2023-01-27,Party Time Balloon Co.,balloon arch + centerpieces,44.23
01/27/2023,TONY'S PIZZA CO,party pizza package,32.24
01/27/2023,THEME PARTY DECOR CO.,themed decor set,32.24
2023-01-09,PARTY TIME BALLOONS,balloon arch + centerpieces,46.34
01/09/2023,Tony's Pizza Co.,party pizza package,37.37
01/09/2023,THEME PARTY DECOR CO.,themed decor set,35.37
1/26/23,PARTY TIME BALLOONS,balloon arch + centerpieces,"$44.52"
2023-01-26,Tony's Pizza,party pizza package,"$35.16"
2023-01-26,Theme Party Decor Co,themed decor set,"$38.60"
2023-01-18,PARTY TIME BALLOONS,balloon arch + centerpieces,44.50
1/18/23,Tony's Pizza,party pizza package,"$35.65"
01/18/2023,Theme Party Decor Co,themed decor set,"$33.49"
2023-01-17,PARTY TIME BALLOONS,balloon arch + centerpieces,40.18
2023-01-17,Tonys Pizza,party pizza package,"$37.95"
1/17/23,Theme Party Decor Co,themed decor set,30.19
1/6/23,Party Time Balloons LLC,balloon arch + centerpieces,39.85
2023-01-06,Tonys Pizza,party pizza package,37.92
01/06/2023,Theme Party Decor,themed decor set,"$36.08"
01/22/2023,Party Time Balloons,balloon arch + centerpieces,38.86
2023-01-22,Tony's Pizza,party pizza package,"$37.64"
1/22/23,Theme Party Decor Co,themed decor set,31.08
2023-01-28,Party Time Balloons,balloon arch + centerpieces,43.78
2023-01-28,Tony's Pizza Co.,party pizza package,32.82
1/28/23,THEME PARTY DECOR CO.,themed decor set,"$38.95"
2023-01-23,Party Time Balloons,balloon arch + centerpieces,42.29
2023-01-23,Tony's Pizza Co.,party pizza package,36.09
1/23/23,Theme Party Decor,themed decor set,"$33.69"
1/13/23,PARTY TIME BALLOONS,balloon arch + centerpieces,40.01
01/13/2023,Tony's Pizza,party pizza package,"$32.67"
1/13/23,THEME PARTY DECOR CO.,themed decor set,35.98
2023-01-08,Roast House Coffee,coffee beans + snacks,53.45
01/18/2023,Roast House Coffee Co.,coffee beans + snacks,"$52.25"
2023-01-27,CLEANCO SUPPLY,cleaning supplies,49.81
2/19/23,PARTY TIME BALLOONS,balloon arch + centerpieces,"$39.96"
2/19/23,Tony's Pizza Co.,party pizza package,34.57
2/19/23,THEME PARTY DECOR CO.,themed decor set,35.38
02/26/2023,Party Time Balloon Co.,balloon arch + centerpieces,41.84
02/26/2023,Tonys Pizza,party pizza package,35.66
02/26/2023,THEME PARTY DECOR CO.,themed decor set,36.71
02/05/2023,Party Time Balloons,balloon arch + centerpieces,39.25
2023-02-05,Tonys Pizza,party pizza package,32.02
2/5/23,Theme Party Decor Co,themed decor set,"$36.00"
2023-02-13,PARTY TIME BALLOONS,balloon arch + centerpieces,"$42.20"
2023-02-13,Tony's Pizza Co.,party pizza package,34.62
2023-02-13,Theme Party Decor,themed decor set,"$33.55"
2/15/23,Party Time Balloons LLC,balloon arch + centerpieces,41.48
2023-02-15,Tony's Pizza,party pizza package,32.34
2/15/23,Theme Party Decor,themed decor set,"$35.17"
02/01/2023,PARTY TIME BALLOONS,balloon arch + centerpieces,45.80
2/1/23,Tonys Pizza,party pizza package,33.08
2023-02-01,Theme Party Decor Co,themed decor set,38.48
02/26/2023,Party Time Balloons LLC,balloon arch + centerpieces,40.96
2023-02-26,Tony's Pizza Co.,party pizza package,"$31.38"
2023-02-26,Theme Party Decor Co,themed decor set,39.82
02/11/2023,Party Time Balloons,balloon arch + centerpieces,"$44.52"
2023-02-11,Tony's Pizza Co.,party pizza package,33.90
02/11/2023,Theme Party Decor,themed decor set,31.52
02/16/2023,PARTY TIME BALLOONS,balloon arch + centerpieces,"$38.71"
02/16/2023,Tony's Pizza,party pizza package,"$32.27"
2/16/23,THEME PARTY DECOR CO.,themed decor set,31.05
2/2/23,PARTY TIME BALLOONS,balloon arch + centerpieces,"$44.11"
2023-02-02,Tony's Pizza,party pizza package,32.39
2/2/23,Theme Party Decor Co,themed decor set,"$32.17"
02/22/2023,Party Time Balloons,balloon arch + centerpieces,"$40.43"
02/22/2023,Tonys Pizza,party pizza package,"$33.99"
2/22/23,THEME PARTY DECOR CO.,themed decor set,30.82
02/23/2023,Party Time Balloons,balloon arch + centerpieces,38.57
2023-02-23,Tony's Pizza Co.,party pizza package,"$33.47"
2/23/23,Theme Party Decor,themed decor set,33.59
2/13/23,Party Time Balloons LLC,balloon arch + centerpieces,"$43.82"
2023-02-13,TONY'S PIZZA CO,party pizza package,37.15
02/13/2023,Theme Party Decor Co,themed decor set,34.79
2/4/23,ROAST HOUSE COFFEE,coffee beans + snacks,49.87
2/19/23,ROAST HOUSE COFFEE,coffee beans + snacks,"$49.89"
2023-02-27,CleanCo Supply Inc,cleaning supplies,52.50
02/11/2023,Playworks Toys LLC,new play equipment,135.62
03/26/2023,Party Time Balloons LLC,balloon arch + centerpieces,38.61
2023-03-26,Tony's Pizza,party pizza package,"$31.05"
2023-03-26,THEME PARTY DECOR CO.,themed decor set,"$32.14"
3/8/23,Party Time Balloons LLC,balloon arch + centerpieces,39.85
3/8/23,Tonys Pizza,party pizza package,36.19
03/08/2023,THEME PARTY DECOR CO.,themed decor set,37.62
3/4/23,PARTY TIME BALLOONS,balloon arch + centerpieces,"$40.34"
2023-03-04,Tony's Pizza Co.,party pizza package,34.58
3/4/23,Theme Party Decor Co,themed decor set,"$37.41"
3/29/23,Party Time Balloons,balloon arch + centerpieces,"$38.05"
3/29/23,Tony's Pizza,party pizza package,33.59
03/29/2023,THEME PARTY DECOR CO.,themed decor set,35.34
3/2/23,PARTY TIME BALLOONS,balloon arch + centerpieces,"$38.23"
03/02/2023,Tony's Pizza,party pizza package,31.95
3/2/23,Theme Party Decor Co,themed decor set,38.85
3/3/23,Party Time Balloon Co.,balloon arch + centerpieces,"$42.03"
03/03/2023,Tony's Pizza Co.,party pizza package,37.37
3/3/23,Theme Party Decor,themed decor set,36.31
2023-03-02,Party Time Balloons LLC,balloon arch + centerpieces,"$40.82"
2023-03-02,Tony's Pizza,party pizza package,34.97
03/02/2023,Theme Party Decor Co,themed decor set,38.39
03/04/2023,PARTY TIME BALLOONS,balloon arch + centerpieces,45.11
3/4/23,Tonys Pizza,party pizza package,"$37.22"
2023-03-04,THEME PARTY DECOR CO.,themed decor set,32.84
2023-03-27,PARTY TIME BALLOONS,balloon arch + centerpieces,38.19
03/27/2023,Tony's Pizza Co.,party pizza package,"$33.07"
2023-03-27,Theme Party Decor,themed decor set,"$33.49"
3/6/23,Roast House Coffee,coffee beans + snacks,"$51.03"
03/17/2023,Roast House Coffee Co.,coffee beans + snacks,"$49.30"
03/28/2023,CLEANCO SUPPLY,cleaning supplies,48.97
04/15/2023,PARTY TIME BALLOONS,balloon arch + centerpieces,38.08
2023-04-15,Tony's Pizza Co.,party pizza package,"$37.27"
4/15/23,THEME PARTY DECOR CO.,themed decor set,34.67
2023-04-29,Party Time Balloon Co.,balloon arch + centerpieces,"$38.11"
2023-04-29,TONY'S PIZZA CO,party pizza package,36.49
2023-04-29,Theme Party Decor Co,themed decor set,32.91
4/21/23,PARTY TIME BALLOONS,balloon arch + centerpieces,39.84
4/21/23,Tony's Pizza Co.,party pizza package,"$35.38"
2023-04-21,THEME PARTY DECOR CO.,themed decor set,38.99
4/6/23,Party Time Balloon Co.,balloon arch + centerpieces,43.73
2023-04-06,Tony's Pizza,party pizza package,35.72
2023-04-06,Theme Party Decor,themed decor set,"$37.81"
4/9/23,PARTY TIME BALLOONS,balloon arch + centerpieces,"$43.44"
4/9/23,TONY'S PIZZA CO,party pizza package,"$34.07"
04/09/2023,Theme Party Decor Co,themed decor set,39.25
2023-04-26,Party Time Balloons,balloon arch + centerpieces,43.77
4/26/23,Tony's Pizza Co.,party pizza package,"$33.25"
2023-04-26,Theme Party Decor Co,themed decor set,"$34.24"
2023-04-28,Party Time Balloons,balloon arch + centerpieces,45.98
2023-04-28,Tony's Pizza Co.,party pizza package,34.77
04/28/2023,Theme Party Decor Co,themed decor set,"$32.39"
2023-04-05,Party Time Balloon Co.,balloon arch + centerpieces,"$40.66"
2023-04-05,TONY'S PIZZA CO,party pizza package,32.94
4/5/23,THEME PARTY DECOR CO.,themed decor set,32.17
2023-04-07,Party Time Balloons,balloon arch + centerpieces,46.73
2023-04-07,Tonys Pizza,party pizza package,37.39
2023-04-07,THEME PARTY DECOR CO.,themed decor set,35.28
04/23/2023,Party Time Balloon Co.,balloon arch + centerpieces,38.10
4/23/23,Tonys Pizza,party pizza package,"$31.28"
04/23/2023,Theme Party Decor,themed decor set,37.98
04/04/2023,PARTY TIME BALLOONS,balloon arch + centerpieces,"$41.52"
04/04/2023,TONY'S PIZZA CO,party pizza package,31.18
2023-04-04,Theme Party Decor,themed decor set,35.00
4/6/23,Party Time Balloons LLC,balloon arch + centerpieces,43.32
04/06/2023,Tonys Pizza,party pizza package,32.91
4/6/23,THEME PARTY DECOR CO.,themed decor set,31.66
04/05/2023,Roast House Coffee,coffee beans + snacks,50.17
04/19/2023,Roast House Coffee,coffee beans + snacks,48.22
04/24/2023,CleanCo Supply,cleaning supplies,51.07
,,MONTH TOTAL,"$1,789.28"
5/28/23,Party Time Balloons,balloon arch + centerpieces,"$42.20"
2023-05-28,TONY'S PIZZA CO,party pizza package,34.56
5/28/23,Theme Party Decor,themed decor set,30.49
2023-05-06,PARTY TIME BALLOONS,balloon arch + centerpieces,44.50
5/6/23,TONY'S PIZZA CO,party pizza package,"$37.20"
05/06/2023,Theme Party Decor Co,themed decor set,"$31.22"
05/15/2023,Party Time Balloons,balloon arch + centerpieces,"$44.58"
5/15/23,Tony's Pizza,party pizza package,"$31.59"
5/15/23,THEME PARTY DECOR CO.,themed decor set,38.51
05/08/2023,Party Time Balloons,balloon arch + centerpieces,"$44.62"
2023-05-08,Tony's Pizza,party pizza package,"$36.59"
05/08/2023,Theme Party Decor,themed decor set,30.25
5/15/23,Party Time Balloons,balloon arch + centerpieces,41.81
5/15/23,Tonys Pizza,party pizza package,37.67
5/15/23,Theme Party Decor,themed decor set,31.45
05/02/2023,PARTY TIME BALLOONS,balloon arch + centerpieces,46.08
05/02/2023,Tony's Pizza Co.,party pizza package,33.74
5/2/23,Theme Party Decor,themed decor set,35.87
05/07/2023,PARTY TIME BALLOONS,balloon arch + centerpieces,"$45.71"
05/07/2023,Tony's Pizza,party pizza package,34.21
05/07/2023,THEME PARTY DECOR CO.,themed decor set,"$39.21"
2023-05-05,Party Time Balloon Co.,balloon arch + centerpieces,46.61
5/5/23,Tony's Pizza,party pizza package,35.60
5/5/23,THEME PARTY DECOR CO.,themed decor set,30.20
05/18/2023,Party Time Balloons LLC,balloon arch + centerpieces,"$46.35"
2023-05-18,Tony's Pizza,party pizza package,"$31.27"
2023-05-18,THEME PARTY DECOR CO.,themed decor set,36.62
05/13/2023,Party Time Balloons,balloon arch + centerpieces,"$39.03"
5/13/23,Tony's Pizza,party pizza package,"$34.71"
5/13/23,THEME PARTY DECOR CO.,themed decor set,32.79
5/7/23,Party Time Balloons,balloon arch + centerpieces,"$40.47"
2023-05-07,Tony's Pizza Co.,party pizza package,"$32.60"
5/7/23,Theme Party Decor,themed decor set,"$38.94"
2023-05-04,ROAST HOUSE COFFEE,coffee beans + snacks,53.77
2023-05-22,ROAST HOUSE COFFEE,coffee beans + snacks,51.94
5/24/23,CleanCo Supply Inc,cleaning supplies,"$48.64"
05/16/2023,Playworks Toys,new play equipment,147.16
06/22/2023,Party Time Balloon Co.,balloon arch + centerpieces,46.04
6/22/23,Tonys Pizza,party pizza package,35.33
06/22/2023,THEME PARTY DECOR CO.,themed decor set,"$34.10"
06/20/2023,Party Time Balloons,balloon arch + centerpieces,44.85
06/20/2023,Tony's Pizza Co.,party pizza package,35.39
6/20/23,THEME PARTY DECOR CO.,themed decor set,30.98
6/18/23,Party Time Balloons LLC,balloon arch + centerpieces,"$42.14"
2023-06-18,Tony's Pizza,party pizza package,"$32.47"
2023-06-18,Theme Party Decor Co,themed decor set,35.24
06/15/2023,PARTY TIME BALLOONS,balloon arch + centerpieces,43.95
6/15/23,TONY'S PIZZA CO,party pizza package,34.10
6/15/23,Theme Party Decor Co,themed decor set,"$34.37"
6/7/23,Party Time Balloons LLC,balloon arch + centerpieces,"$45.42"
6/7/23,TONY'S PIZZA CO,party pizza package,31.06
06/07/2023,THEME PARTY DECOR CO.,themed decor set,"$34.89"
6/26/23,PARTY TIME BALLOONS,balloon arch + centerpieces,"$42.79"
6/26/23,TONY'S PIZZA CO,party pizza package,36.28
2023-06-26,Theme Party Decor Co,themed decor set,"$30.77"
06/07/2023,Party Time Balloon Co.,balloon arch + centerpieces,"$43.14"
6/7/23,Tony's Pizza Co.,party pizza package,"$34.89"
6/7/23,Theme Party Decor Co,themed decor set,38.26
06/14/2023,PARTY TIME BALLOONS,balloon arch + centerpieces,"$44.99"
2023-06-14,Tony's Pizza,party pizza package,33.57
2023-06-14,Theme Party Decor,themed decor set,"$30.02"
2023-06-02,Party Time Balloon Co.,balloon arch + centerpieces,43.74
6/2/23,Tonys Pizza,party pizza package,31.81
6/2/23,Theme Party Decor Co,themed decor set,"$37.07"
2023-06-26,Party Time Balloons LLC,balloon arch + centerpieces,"$43.67"
06/26/2023,Tony's Pizza,party pizza package,31.64
06/26/2023,Theme Party Decor Co,themed decor set,38.62
6/14/23,Party Time Balloons LLC,balloon arch + centerpieces,"$38.03"
06/14/2023,Tonys Pizza,party pizza package,31.47
06/14/2023,THEME PARTY DECOR CO.,themed decor set,37.33
2023-06-02,ROAST HOUSE COFFEE,coffee beans + snacks,48.28
06/19/2023,Roast House Coffee,coffee beans + snacks,"$49.80"
2023-06-25,CleanCo Supply Inc,cleaning supplies,"$50.71"
07/29/2023,Party Time Balloon Co.,balloon arch + centerpieces,41.90
2023-07-29,Tonys Pizza,party pizza package,37.77
07/29/2023,THEME PARTY DECOR CO.,themed decor set,"$33.66"
2023-07-14,PARTY TIME BALLOONS,balloon arch + centerpieces,40.64
7/14/23,Tony's Pizza,party pizza package,38.21
07/14/2023,THEME PARTY DECOR CO.,themed decor set,"$35.53"
2023-07-07,Party Time Balloons LLC,balloon arch + centerpieces,43.85
7/7/23,Tonys Pizza,party pizza package,"$36.12"
7/7/23,THEME PARTY DECOR CO.,themed decor set,"$37.93"
2023-07-06,Party Time Balloons LLC,balloon arch + centerpieces,39.45
2023-07-06,Tony's Pizza,party pizza package,37.94
2023-07-06,Theme Party Decor,themed decor set,39.10
2023-07-11,Party Time Balloons,balloon arch + centerpieces,"$40.49"
07/11/2023,Tony's Pizza,party pizza package,"$37.69"
2023-07-11,THEME PARTY DECOR CO.,themed decor set,"$35.23"
2023-07-02,PARTY TIME BALLOONS,balloon arch + centerpieces,40.28
07/02/2023,TONY'S PIZZA CO,party pizza package,"$37.78"
07/02/2023,Theme Party Decor,themed decor set,"$30.80"
07/24/2023,Party Time Balloons,balloon arch + centerpieces,44.04
7/24/23,Tony's Pizza Co.,party pizza package,"$39.63"
2023-07-24,Theme Party Decor,themed decor set,34.14
07/24/2023,Party Time Balloons LLC,balloon arch + centerpieces,40.91
2023-07-24,TONY'S PIZZA CO,party pizza package,"$36.02"
7/24/23,Theme Party Decor,themed decor set,35.00
7/4/23,Party Time Balloons,balloon arch + centerpieces,43.12
2023-07-04,Tony's Pizza,party pizza package,"$40.39"
7/4/23,Theme Party Decor Co,themed decor set,"$30.04"
2023-07-27,Party Time Balloons,balloon arch + centerpieces,"$43.67"
07/27/2023,Tonys Pizza,party pizza package,38.26
7/27/23,Theme Party Decor,themed decor set,37.21
7/29/23,Party Time Balloons,balloon arch + centerpieces,41.77
7/29/23,Tonys Pizza,party pizza package,39.38
7/29/23,Theme Party Decor Co,themed decor set,"$32.16"
07/27/2023,Party Time Balloon Co.,balloon arch + centerpieces,44.04
7/27/23,Tony's Pizza,party pizza package,35.32
7/27/23,THEME PARTY DECOR CO.,themed decor set,38.33
07/07/2023,Party Time Balloons,balloon arch + centerpieces,38.52
07/07/2023,Tony's Pizza,party pizza package,"$37.83"
2023-07-07,Theme Party Decor,themed decor set,"$37.29"
07/07/2023,Roast House Coffee,coffee beans + snacks,"$52.32"
7/21/23,Roast House Coffee Co.,coffee beans + snacks,"$46.13"
7/24/23,CLEANCO SUPPLY,cleaning supplies,"$47.21"
8/29/23,Party Time Balloon Co.,balloon arch + centerpieces,"$44.09"
8/29/23,Tonys Pizza,party pizza package,"$37.03"
8/29/23,Theme Party Decor,themed decor set,"$34.68"
08/07/2023,Party Time Balloons LLC,balloon arch + centerpieces,42.36
2023-08-07,TONY'S PIZZA CO,party pizza package,"$34.98"
08/07/2023,THEME PARTY DECOR CO.,themed decor set,39.82
08/10/2023,Party Time Balloon Co.,balloon arch + centerpieces,39.24
2023-08-10,Tony's Pizza Co.,party pizza package,37.80
08/10/2023,Theme Party Decor Co,themed decor set,31.92
2023-08-27,PARTY TIME BALLOONS,balloon arch + centerpieces,"$38.77"
2023-08-27,Tonys Pizza,party pizza package,40.97
2023-08-27,THEME PARTY DECOR CO.,themed decor set,"$37.46"
8/10/23,Party Time Balloon Co.,balloon arch + centerpieces,"$39.07"
08/10/2023,Tonys Pizza,party pizza package,37.14
08/10/2023,Theme Party Decor,themed decor set,36.92
8/13/23,Party Time Balloons,balloon arch + centerpieces,43.70
8/13/23,Tonys Pizza,party pizza package,"$34.75"
08/13/2023,Theme Party Decor Co,themed decor set,"$39.61"
8/21/23,Party Time Balloons LLC,balloon arch + centerpieces,"$46.90"
08/21/2023,Tony's Pizza Co.,party pizza package,34.57
2023-08-21,Theme Party Decor,themed decor set,34.13
08/03/2023,Party Time Balloon Co.,balloon arch + centerpieces,38.64
8/3/23,TONY'S PIZZA CO,party pizza package,"$36.63"
2023-08-03,THEME PARTY DECOR CO.,themed decor set,31.68
2023-08-07,Roast House Coffee Co.,coffee beans + snacks,"$46.01"
2023-08-18,ROAST HOUSE COFFEE,coffee beans + snacks,46.30
8/27/23,CleanCo Supply Inc,cleaning supplies,49.89
8/19/23,Playworks Toys LLC,new play equipment,137.39
2023-09-01,Party Time Balloons,balloon arch + centerpieces,44.27
9/1/23,TONY'S PIZZA CO,party pizza package,38.67
2023-09-01,Theme Party Decor Co,themed decor set,39.07
2023-09-24,Party Time Balloons LLC,balloon arch + centerpieces,45.11
09/24/2023,Tonys Pizza,party pizza package,35.70
9/24/23,Theme Party Decor,themed decor set,39.95
9/2/23,PARTY TIME BALLOONS,balloon arch + centerpieces,45.38
2023-09-02,Tony's Pizza,party pizza package,36.07
9/2/23,Theme Party Decor Co,themed decor set,"$37.62"
9/1/23,Party Time Balloons LLC,balloon arch + centerpieces,"$38.83"
2023-09-01,Tonys Pizza,party pizza package,39.03
9/1/23,THEME PARTY DECOR CO.,themed decor set,31.09
2023-09-11,Party Time Balloons LLC,balloon arch + centerpieces,38.63
2023-09-11,TONY'S PIZZA CO,party pizza package,36.45
2023-09-11,THEME PARTY DECOR CO.,themed decor set,38.10
9/17/23,Party Time Balloons LLC,balloon arch + centerpieces,43.07
2023-09-17,Tonys Pizza,party pizza package,37.87
2023-09-17,Theme Party Decor Co,themed decor set,"$32.89"
2023-09-27,Party Time Balloon Co.,balloon arch + centerpieces,"$45.16"
09/27/2023,Tony's Pizza,party pizza package,"$34.12"
09/27/2023,Theme Party Decor,themed decor set,"$36.96"
09/23/2023,PARTY TIME BALLOONS,balloon arch + centerpieces,"$42.25"
9/23/23,Tony's Pizza Co.,party pizza package,35.89
9/23/23,Theme Party Decor,themed decor set,37.99
9/1/23,Party Time Balloon Co.,balloon arch + centerpieces,"$41.17"
09/01/2023,TONY'S PIZZA CO,party pizza package,"$36.73"
09/01/2023,Theme Party Decor,themed decor set,37.63
9/29/23,Party Time Balloons LLC,balloon arch + centerpieces,"$46.57"
2023-09-29,TONY'S PIZZA CO,party pizza package,"$35.57"
09/29/2023,Theme Party Decor,themed decor set,"$31.62"
2023-09-26,Party Time Balloons,balloon arch + centerpieces,"$42.00"
2023-09-26,Tony's Pizza,party pizza package,"$34.02"
09/26/2023,THEME PARTY DECOR CO.,themed decor set,38.71
09/03/2023,Roast House Coffee Co.,coffee beans + snacks,48.97
09/20/2023,Roast House Coffee,coffee beans + snacks,"$46.82"
9/25/23,CLEANCO SUPPLY,cleaning supplies,"$51.50"
2023-10-28,Party Time Balloons LLC,balloon arch + centerpieces,"$45.23"
10/28/2023,Tony's Pizza Co.,party pizza package,36.19
2023-10-28,Theme Party Decor Co,themed decor set,30.45
10/2/23,PARTY TIME BALLOONS,balloon arch + centerpieces,"$46.37"
10/2/23,Tony's Pizza Co.,party pizza package,"$37.23"
2023-10-02,Theme Party Decor Co,themed decor set,"$38.71"
10/06/2023,Party Time Balloons,balloon arch + centerpieces,"$45.17"
10/06/2023,Tony's Pizza Co.,party pizza package,"$38.87"
2023-10-06,THEME PARTY DECOR CO.,themed decor set,36.43
10/1/23,Party Time Balloon Co.,balloon arch + centerpieces,52.90
10/1/23,TONY'S PIZZA CO,party pizza package,"$40.65"
2023-10-01,Theme Party Decor,themed decor set,"$32.87"
10/6/23,Party Time Balloon Co.,balloon arch + centerpieces,"$49.67"
10/6/23,Tonys Pizza,party pizza package,39.75
10/06/2023,THEME PARTY DECOR CO.,themed decor set,"$36.67"
2023-10-05,Party Time Balloon Co.,balloon arch + centerpieces,52.70
10/05/2023,Tonys Pizza,party pizza package,"$37.12"
10/05/2023,THEME PARTY DECOR CO.,themed decor set,37.81
2023-10-06,PARTY TIME BALLOONS,balloon arch + centerpieces,52.69
10/06/2023,Tony's Pizza,party pizza package,"$37.14"
10/06/2023,THEME PARTY DECOR CO.,themed decor set,"$31.98"
10/25/23,Party Time Balloon Co.,balloon arch + centerpieces,"$45.03"
10/25/23,Tony's Pizza Co.,party pizza package,36.53
2023-10-25,THEME PARTY DECOR CO.,themed decor set,31.40
10/15/2023,Party Time Balloon Co.,balloon arch + centerpieces,"$45.68"
10/15/2023,Tony's Pizza Co.,party pizza package,"$36.34"
10/15/23,Theme Party Decor Co,themed decor set,"$37.26"
10/02/2023,ROAST HOUSE COFFEE,coffee beans + snacks,"$50.22"
2023-10-21,Roast House Coffee Co.,coffee beans + snacks,"$46.31"
10/26/2023,CleanCo Supply Inc,cleaning supplies,"$49.19"
,,MONTH TOTAL,1764.94
2023-11-28,Party Time Balloons,balloon arch + centerpieces,52.96
2023-11-28,Tony's Pizza Co.,party pizza package,"$37.72"
2023-11-28,THEME PARTY DECOR CO.,themed decor set,"$38.30"
11/8/23,Party Time Balloons LLC,balloon arch + centerpieces,50.44
11/08/2023,TONY'S PIZZA CO,party pizza package,35.94
11/8/23,Theme Party Decor,themed decor set,"$39.71"
2023-11-22,PARTY TIME BALLOONS,balloon arch + centerpieces,49.53
11/22/23,Tonys Pizza,party pizza package,"$40.63"
11/22/23,THEME PARTY DECOR CO.,themed decor set,"$37.89"
11/04/2023,Party Time Balloons LLC,balloon arch + centerpieces,"$53.51"
2023-11-04,Tony's Pizza Co.,party pizza package,34.93
2023-11-04,Theme Party Decor,themed decor set,37.27
2023-11-20,Party Time Balloons LLC,balloon arch + centerpieces,47.39
11/20/2023,Tonys Pizza,party pizza package,34.77
2023-11-20,Theme Party Decor Co,themed decor set,35.65
11/02/2023,Party Time Balloon Co.,balloon arch + centerpieces,"$53.61"
2023-11-02,Tony's Pizza,party pizza package,37.42
11/2/23,Theme Party Decor,themed decor set,"$35.29"
11/06/2023,Party Time Balloons LLC,balloon arch + centerpieces,55.01
2023-11-06,Tonys Pizza,party pizza package,39.08
11/06/2023,Theme Party Decor Co,themed decor set,"$35.50"
11/3/23,PARTY TIME BALLOONS,balloon arch + centerpieces,"$49.02"
11/3/23,Tonys Pizza,party pizza package,34.08
11/03/2023,Theme Party Decor Co,themed decor set,30.20
2023-11-10,Party Time Balloons LLC,balloon arch + centerpieces,53.96
2023-11-10,Tony's Pizza,party pizza package,"$36.11"
11/10/23,Theme Party Decor Co,themed decor set,39.39
11/29/2023,Party Time Balloon Co.,balloon arch + centerpieces,52.68
11/29/2023,Tony's Pizza Co.,party pizza package,34.12
11/29/23,THEME PARTY DECOR CO.,themed decor set,35.76
2023-11-09,PARTY TIME BALLOONS,balloon arch + centerpieces,55.46
11/9/23,Tony's Pizza,party pizza package,38.67
11/9/23,Theme Party Decor,themed decor set,34.68
11/05/2023,ROAST HOUSE COFFEE,coffee beans + snacks,46.41
11/20/23,ROAST HOUSE COFFEE,coffee beans + snacks,50.32
11/25/2023,CleanCo Supply,cleaning supplies,47.86
2023-11-17,Playworks Toys LLC,new play equipment,140.50
2023-12-19,Party Time Balloons,balloon arch + centerpieces,51.36
12/19/2023,Tonys Pizza,party pizza package,"$34.72"
12/19/2023,THEME PARTY DECOR CO.,themed decor set,38.59
12/29/23,Party Time Balloon Co.,balloon arch + centerpieces,"$47.16"
2023-12-29,Tony's Pizza Co.,party pizza package,"$34.57"
2023-12-29,Theme Party Decor Co,themed decor set,39.74
12/26/2023,PARTY TIME BALLOONS,balloon arch + centerpieces,47.37
12/26/23,Tonys Pizza,party pizza package,"$37.34"
12/26/23,THEME PARTY DECOR CO.,themed decor set,"$33.78"
12/22/23,PARTY TIME BALLOONS,balloon arch + centerpieces,"$50.38"
12/22/23,Tony's Pizza,party pizza package,39.14
12/22/2023,Theme Party Decor Co,themed decor set,35.02
12/23/23,Party Time Balloons,balloon arch + centerpieces,"$52.80"
12/23/2023,Tony's Pizza,party pizza package,36.39
2023-12-23,THEME PARTY DECOR CO.,themed decor set,"$32.68"
2023-12-19,Party Time Balloons,balloon arch + centerpieces,51.02
12/19/2023,TONY'S PIZZA CO,party pizza package,"$36.05"
2023-12-19,Theme Party Decor Co,themed decor set,"$35.72"
12/20/2023,Party Time Balloon Co.,balloon arch + centerpieces,"$52.63"
2023-12-20,Tony's Pizza,party pizza package,37.21
12/20/23,Theme Party Decor,themed decor set,37.60
2023-12-07,Party Time Balloon Co.,balloon arch + centerpieces,47.76
2023-12-07,Tony's Pizza,party pizza package,"$34.57"
2023-12-07,Theme Party Decor,themed decor set,30.28
12/15/2023,Party Time Balloons LLC,balloon arch + centerpieces,52.50
2023-12-15,TONY'S PIZZA CO,party pizza package,36.77
2023-12-15,Theme Party Decor,themed decor set,37.90
2023-12-01,Party Time Balloons,balloon arch + centerpieces,50.86
12/1/23,Tony's Pizza Co.,party pizza package,"$40.22"
12/1/23,THEME PARTY DECOR CO.,themed decor set,35.41
12/04/2023,Roast House Coffee Co.,coffee beans + snacks,51.68
12/20/23,ROAST HOUSE COFFEE,coffee beans + snacks,47.51
12/27/2023,CleanCo Supply Inc,cleaning supplies,50.68
2024-01-20,Party Time Balloon Co.,balloon arch + centerpieces,"$50.66"
1/20/24,Tonys Pizza,party pizza package,"$34.64"
01/20/2024,Theme Party Decor Co,themed decor set,"$32.27"
01/28/2024,Party Time Balloons,balloon arch + centerpieces,"$48.70"
1/28/24,TONY'S PIZZA CO,party pizza package,34.74
01/28/2024,Theme Party Decor Co,themed decor set,"$31.10"
2024-01-09,Party Time Balloon Co.,balloon arch + centerpieces,47.79
01/09/2024,TONY'S PIZZA CO,party pizza package,34.25
1/9/24,Theme Party Decor Co,themed decor set,34.68
1/30/24,Party Time Balloon Co.,balloon arch + centerpieces,51.30
2024-01-30,Tony's Pizza,party pizza package,"$34.80"
2024-01-30,THEME PARTY DECOR CO.,themed decor set,"$30.91"
2024-01-10,Party Time Balloon Co.,balloon arch + centerpieces,47.66
2024-01-10,Tony's Pizza Co.,party pizza package,34.19
01/10/2024,THEME PARTY DECOR CO.,themed decor set,38.42
2024-01-23,Party Time Balloon Co.,balloon arch + centerpieces,51.92
1/23/24,TONY'S PIZZA CO,party pizza package,"$37.06"
1/23/24,Theme Party Decor,themed decor set,"$31.13"
1/25/24,Party Time Balloons,balloon arch + centerpieces,47.77
01/25/2024,Tony's Pizza,party pizza package,"$37.54"
1/25/24,Theme Party Decor Co,themed decor set,"$39.98"
01/02/2024,Party Time Balloons LLC,balloon arch + centerpieces,"$52.47"
2024-01-02,Tony's Pizza Co.,party pizza package,"$36.72"
1/2/24,Theme Party Decor Co,themed decor set,34.12
1/8/24,Roast House Coffee Co.,coffee beans + snacks,"$46.75"
1/19/24,ROAST HOUSE COFFEE,coffee beans + snacks,47.28
2024-01-28,CLEANCO SUPPLY,cleaning supplies,51.52
2024-02-20,Party Time Balloons,balloon arch + centerpieces,"$51.85"
2/20/24,Tonys Pizza,party pizza package,38.61
2024-02-20,THEME PARTY DECOR CO.,themed decor set,37.68
2/3/24,Party Time Balloons,balloon arch + centerpieces,49.01
2/3/24,Tony's Pizza Co.,party pizza package,"$38.18"
02/03/2024,Theme Party Decor,themed decor set,32.16
02/26/2024,PARTY TIME BALLOONS,balloon arch + centerpieces,"$47.08"
2/26/24,Tonys Pizza,party pizza package,"$40.67"
2024-02-26,Theme Party Decor,themed decor set,"$39.60"
02/24/2024,Party Time Balloons,balloon arch + centerpieces,47.03
2024-02-24,Tony's Pizza Co.,party pizza package,34.55
02/24/2024,Theme Party Decor,themed decor set,33.27
2/5/24,Party Time Balloon Co.,balloon arch + centerpieces,"$55.21"
2/5/24,Tony's Pizza,party pizza package,34.77
2024-02-05,Theme Party Decor,themed decor set,"$38.63"
02/20/2024,Party Time Balloon Co.,balloon arch + centerpieces,47.67
2024-02-20,Tony's Pizza Co.,party pizza package,40.36
2/20/24,Theme Party Decor Co,themed decor set,"$33.05"
2/21/24,Party Time Balloon Co.,balloon arch + centerpieces,"$54.42"
2/21/24,Tony's Pizza,party pizza package,"$40.09"
2024-02-21,THEME PARTY DECOR CO.,themed decor set,"$33.56"
2024-02-02,PARTY TIME BALLOONS,balloon arch + centerpieces,"$54.19"
2/2/24,Tony's Pizza Co.,party pizza package,39.28
02/02/2024,Theme Party Decor Co,themed decor set,"$39.52"
02/28/2024,Party Time Balloons,balloon arch + centerpieces,52.84
2/28/24,Tony's Pizza,party pizza package,"$40.53"
2024-02-28,Theme Party Decor Co,themed decor set,"$36.43"
2/18/24,Party Time Balloon Co.,balloon arch + centerpieces,50.32
2/18/24,Tonys Pizza,party pizza package,"$35.62"
02/18/2024,Theme Party Decor Co,themed decor set,"$33.35"
2024-02-02,Roast House Coffee,coffee beans + snacks,"$49.64"
2/21/24,Roast House Coffee Co.,coffee beans + snacks,51.31
2024-02-27,CLEANCO SUPPLY,cleaning supplies,"$51.52"
2024-02-20,Playworks Toys,new play equipment,"$107.94"
03/22/2024,Party Time Balloons,balloon arch + centerpieces,"$49.04"
03/22/2024,TONY'S PIZZA CO,party pizza package,42.46
3/22/24,Theme Party Decor,themed decor set,39.67
2024-03-04,Party Time Balloon Co.,balloon arch + centerpieces,55.58
03/04/2024,Tonys Pizza,party pizza package,"$39.68"
03/04/2024,Theme Party Decor,themed decor set,"$39.79"
2024-03-19,PARTY TIME BALLOONS,balloon arch + centerpieces,54.89
3/19/24,Tony's Pizza,party pizza package,39.97
3/19/24,THEME PARTY DECOR CO.,themed decor set,36.79
2024-03-23,Party Time Balloons LLC,balloon arch + centerpieces,55.70
03/23/2024,TONY'S PIZZA CO,party pizza package,"$40.48"
2024-03-23,Theme Party Decor Co,themed decor set,30.45
2024-03-18,PARTY TIME BALLOONS,balloon arch + centerpieces,"$47.69"
03/18/2024,Tony's Pizza Co.,party pizza package,38.89
2024-03-18,Theme Party Decor Co,themed decor set,33.60
2024-03-01,Party Time Balloons LLC,balloon arch + centerpieces,"$49.16"
03/01/2024,Tony's Pizza Co.,party pizza package,37.96
2024-03-01,Theme Party Decor,themed decor set,31.36
03/01/2024,PARTY TIME BALLOONS,balloon arch + centerpieces,"$54.57"
2024-03-01,Tony's Pizza Co.,party pizza package,38.65
03/01/2024,Theme Party Decor,themed decor set,"$31.37"
2024-03-27,Party Time Balloon Co.,balloon arch + centerpieces,"$51.57"
3/27/24,Tony's Pizza Co.,party pizza package,43.81
03/27/2024,Theme Party Decor Co,themed decor set,30.80
2024-03-05,ROAST HOUSE COFFEE,coffee beans + snacks,52.14
3/17/24,ROAST HOUSE COFFEE,coffee beans + snacks,48.78
2024-03-25,CLEANCO SUPPLY,cleaning supplies,"$49.31"
2024-04-11,Party Time Balloons LLC,balloon arch + centerpieces,48.48
4/11/24,Tonys Pizza,party pizza package,37.90
4/11/24,THEME PARTY DECOR CO.,themed decor set,31.13
4/21/24,Party Time Balloons,balloon arch + centerpieces,53.38
4/21/24,Tony's Pizza Co.,party pizza package,"$40.13"
4/21/24,Theme Party Decor,themed decor set,"$39.73"
4/16/24,Party Time Balloon Co.,balloon arch + centerpieces,"$55.22"
2024-04-16,Tonys Pizza,party pizza package,"$40.55"
4/16/24,THEME PARTY DECOR CO.,themed decor set,30.70
2024-04-24,Party Time Balloons LLC,balloon arch + centerpieces,55.52
2024-04-24,Tony's Pizza Co.,party pizza package,"$39.06"
2024-04-24,Theme Party Decor Co,themed decor set,"$30.03"
4/9/24,Party Time Balloons,balloon arch + centerpieces,52.88
2024-04-09,Tonys Pizza,party pizza package,42.53
2024-04-09,THEME PARTY DECOR CO.,themed decor set,37.21
4/16/24,Party Time Balloon Co.,balloon arch + centerpieces,49.82
4/16/24,Tony's Pizza Co.,party pizza package,39.37
2024-04-16,Theme Party Decor,themed decor set,"$38.61"
04/18/2024,PARTY TIME BALLOONS,balloon arch + centerpieces,55.42
04/18/2024,Tonys Pizza,party pizza package,"$42.65"
04/18/2024,THEME PARTY DECOR CO.,themed decor set,"$37.62"
2024-04-19,Party Time Balloons LLC,balloon arch + centerpieces,"$48.20"
4/19/24,Tony's Pizza Co.,party pizza package,"$38.22"
4/19/24,THEME PARTY DECOR CO.,themed decor set,35.58
04/24/2024,PARTY TIME BALLOONS,balloon arch + centerpieces,"$54.59"
04/24/2024,Tonys Pizza,party pizza package,37.93
04/24/2024,Theme Party Decor,themed decor set,"$33.66"
2024-04-09,Party Time Balloons,balloon arch + centerpieces,"$53.06"
2024-04-09,TONY'S PIZZA CO,party pizza package,37.65
04/09/2024,THEME PARTY DECOR CO.,themed decor set,38.94
4/25/24,Party Time Balloon Co.,balloon arch + centerpieces,52.78
04/25/2024,TONY'S PIZZA CO,party pizza package,40.12
2024-04-25,Theme Party Decor Co,themed decor set,30.31
2024-04-12,PARTY TIME BALLOONS,balloon arch + centerpieces,"$50.32"
2024-04-12,TONY'S PIZZA CO,party pizza package,37.63
4/12/24,Theme Party Decor Co,themed decor set,"$36.23"
4/7/24,Roast House Coffee,coffee beans + snacks,"$49.03"
4/21/24,Roast House Coffee,coffee beans + snacks,"$50.94"
2024-04-27,CleanCo Supply Inc,cleaning supplies,49.74
,,MONTH TOTAL,"$1,537.72"
5/30/24,PARTY TIME BALLOONS,balloon arch + centerpieces,49.28
2024-05-30,Tony's Pizza Co.,party pizza package,"$43.85"
5/30/24,THEME PARTY DECOR CO.,themed decor set,"$38.23"
2024-05-07,Party Time Balloons,balloon arch + centerpieces,53.99
05/07/2024,Tony's Pizza Co.,party pizza package,40.51
2024-05-07,THEME PARTY DECOR CO.,themed decor set,"$39.69"
05/18/2024,Party Time Balloons,balloon arch + centerpieces,51.41
2024-05-18,Tony's Pizza Co.,party pizza package,38.83
5/18/24,THEME PARTY DECOR CO.,themed decor set,"$31.28"
2024-05-18,Party Time Balloons,balloon arch + centerpieces,48.16
5/18/24,Tonys Pizza,party pizza package,38.87
05/18/2024,Theme Party Decor Co,themed decor set,"$36.69"
5/27/24,Party Time Balloon Co.,balloon arch + centerpieces,"$53.04"
05/27/2024,Tonys Pizza,party pizza package,41.47
5/27/24,THEME PARTY DECOR CO.,themed decor set,33.62
05/17/2024,Party Time Balloons LLC,balloon arch + centerpieces,51.72
05/17/2024,Tony's Pizza,party pizza package,42.86
2024-05-17,THEME PARTY DECOR CO.,themed decor set,36.47
2024-05-22,Party Time Balloons LLC,balloon arch + centerpieces,"$54.07"
05/22/2024,Tonys Pizza,party pizza package,43.41
05/22/2024,Theme Party Decor Co,themed decor set,38.23
2024-05-24,PARTY TIME BALLOONS,balloon arch + centerpieces,"$50.11"
2024-05-24,Tony's Pizza Co.,party pizza package,"$42.53"
2024-05-24,Theme Party Decor,themed decor set,"$39.57"
2024-05-21,Party Time Balloons,balloon arch + centerpieces,50.28
5/21/24,Tony's Pizza,party pizza package,"$39.66"
2024-05-21,Theme Party Decor Co,themed decor set,"$31.67"
5/12/24,Party Time Balloons LLC,balloon arch + centerpieces,53.34
05/12/2024,Tony's Pizza,party pizza package,"$41.02"
5/12/24,Theme Party Decor,themed decor set,"$38.85"
05/08/2024,ROAST HOUSE COFFEE,coffee beans + snacks,48.85
05/17/2024,Roast House Coffee Co.,coffee beans + snacks,48.20
2024-05-27,CleanCo Supply,cleaning supplies,47.66
05/19/2024,Playworks Toys LLC,new play equipment,100.22
2024-06-26,Party Time Balloons,balloon arch + centerpieces,52.65
06/26/2024,Tony's Pizza Co.,party pizza package,"$43.04"
2024-06-26,Theme Party Decor Co,themed decor set,"$31.33"
2024-06-13,Party Time Balloon Co.,balloon arch + centerpieces,54.00
6/13/24,Tony's Pizza Co.,party pizza package,41.61
06/13/2024,Theme Party Decor Co,themed decor set,"$35.30"
06/14/2024,Party Time Balloon Co.,balloon arch + centerpieces,47.15
2024-06-14,TONY'S PIZZA CO,party pizza package,"$42.54"
6/14/24,THEME PARTY DECOR CO.,themed decor set,31.07
06/09/2024,Party Time Balloons,balloon arch + centerpieces,"$51.58"
2024-06-09,Tony's Pizza Co.,party pizza package,42.95
2024-06-09,THEME PARTY DECOR CO.,themed decor set,32.90
6/18/24,Party Time Balloons LLC,balloon arch + centerpieces,55.70
2024-06-18,Tony's Pizza,party pizza package,42.26
6/18/24,Theme Party Decor,themed decor set,34.54
06/08/2024,Party Time Balloon Co.,balloon arch + centerpieces,56.00
6/8/24,Tony's Pizza Co.,party pizza package,39.34
6/8/24,Theme Party Decor Co,themed decor set,38.13
6/2/24,Party Time Balloon Co.,balloon arch + centerpieces,"$48.17"
6/2/24,TONY'S PIZZA CO,party pizza package,43.81
6/2/24,Theme Party Decor,themed decor set,36.34
6/21/24,Party Time Balloon Co.,balloon arch + centerpieces,52.33
06/21/2024,TONY'S PIZZA CO,party pizza package,"$40.99"
2024-06-21,THEME PARTY DECOR CO.,themed decor set,"$34.01"
6/17/24,PARTY TIME BALLOONS,balloon arch + centerpieces,52.44
06/17/2024,Tony's Pizza,party pizza package,40.12
6/17/24,THEME PARTY DECOR CO.,themed decor set,37.86
06/01/2024,Party Time Balloons,balloon arch + centerpieces,"$55.82"
06/01/2024,Tonys Pizza,party pizza package,"$38.96"
6/1/24,Theme Party Decor Co,themed decor set,32.71
2024-06-01,PARTY TIME BALLOONS,balloon arch + centerpieces,"$50.77"
6/1/24,Tony's Pizza Co.,party pizza package,"$37.04"
06/01/2024,Theme Party Decor Co,themed decor set,"$36.17"
6/6/24,Roast House Coffee Co.,coffee beans + snacks,51.70
06/16/2024,Roast House Coffee,coffee beans + snacks,50.04
2024-06-24,CLEANCO SUPPLY,cleaning supplies,"$47.39"
7/19/24,Party Time Balloons,balloon arch + centerpieces,51.58
7/19/24,Tony's Pizza Co.,party pizza package,"$37.22"
07/19/2024,Theme Party Decor,themed decor set,39.73
07/30/2024,Party Time Balloons,balloon arch + centerpieces,"$50.50"
07/30/2024,TONY'S PIZZA CO,party pizza package,42.73
7/30/24,THEME PARTY DECOR CO.,themed decor set,38.78
7/20/24,Party Time Balloon Co.,balloon arch + centerpieces,49.19
2024-07-20,TONY'S PIZZA CO,party pizza package,"$43.08"
7/20/24,Theme Party Decor Co,themed decor set,"$35.01"
07/27/2024,Party Time Balloons LLC,balloon arch + centerpieces,51.32
7/27/24,TONY'S PIZZA CO,party pizza package,41.81
07/27/2024,Theme Party Decor,themed decor set,36.79
7/21/24,PARTY TIME BALLOONS,balloon arch + centerpieces,"$54.00"
2024-07-21,Tony's Pizza,party pizza package,39.87
2024-07-21,Theme Party Decor,themed decor set,31.57
7/11/24,Party Time Balloons,balloon arch + centerpieces,"$53.68"
2024-07-11,Tony's Pizza,party pizza package,"$38.09"
2024-07-11,THEME PARTY DECOR CO.,themed decor set,"$34.63"
07/07/2024,Party Time Balloons,balloon arch + centerpieces,"$53.16"
7/7/24,Tony's Pizza Co.,party pizza package,"$40.66"
2024-07-07,Theme Party Decor,themed decor set,33.42
07/01/2024,Party Time Balloon Co.,balloon arch + centerpieces,47.81
7/1/24,TONY'S PIZZA CO,party pizza package,43.37
7/1/24,Theme Party Decor Co,themed decor set,"$30.18"
2024-07-20,Party Time Balloons LLC,balloon arch + centerpieces,51.10
7/20/24,Tony's Pizza Co.,party pizza package,42.20
7/20/24,Theme Party Decor Co,themed decor set,"$38.09"
2024-07-23,Party Time Balloons LLC,balloon arch + centerpieces,53.83
2024-07-23,Tony's Pizza Co.,party pizza package,39.29
7/23/24,Theme Party Decor Co,themed decor set,"$30.14"
7/4/24,Roast House Coffee,coffee beans + snacks,"$47.49"
2024-07-17,Roast House Coffee,coffee beans + snacks,51.43
07/26/2024,CleanCo Supply Inc,cleaning supplies,"$49.81"
8/18/24,PARTY TIME BALLOONS,balloon arch + centerpieces,50.59
2024-08-18,Tony's Pizza,party pizza package,37.18
08/18/2024,THEME PARTY DECOR CO.,themed decor set,32.38
08/26/2024,PARTY TIME BALLOONS,balloon arch + centerpieces,51.46
08/26/2024,Tony's Pizza Co.,party pizza package,38.55
08/26/2024,Theme Party Decor,themed decor set,38.37
2024-08-03,Party Time Balloon Co.,balloon arch + centerpieces,"$51.03"
2024-08-03,TONY'S PIZZA CO,party pizza package,"$37.19"
8/3/24,Theme Party Decor,themed decor set,35.38
08/15/2024,Party Time Balloons LLC,balloon arch + centerpieces,"$55.21"
08/15/2024,Tony's Pizza,party pizza package,"$43.18"
08/15/2024,Theme Party Decor Co,themed decor set,"$36.37"
08/28/2024,Party Time Balloons,balloon arch + centerpieces,"$54.74"
08/28/2024,Tony's Pizza,party pizza package,"$42.43"
2024-08-28,Theme Party Decor,themed decor set,"$38.65"
8/8/24,PARTY TIME BALLOONS,balloon arch + centerpieces,"$49.49"
2024-08-08,Tonys Pizza,party pizza package,"$42.79"
08/08/2024,Theme Party Decor,themed decor set,31.56
8/19/24,Party Time Balloons,balloon arch + centerpieces,53.12
2024-08-19,Tony's Pizza,party pizza package,40.57
2024-08-19,THEME PARTY DECOR CO.,themed decor set,31.85
08/16/2024,Party Time Balloons,balloon arch + centerpieces,"$50.11"
08/16/2024,TONY'S PIZZA CO,party pizza package,"$37.92"
2024-08-16,Theme Party Decor Co,themed decor set,"$38.07"
2024-08-26,PARTY TIME BALLOONS,balloon arch + centerpieces,"$55.14"
08/26/2024,TONY'S PIZZA CO,party pizza package,41.96
2024-08-26,THEME PARTY DECOR CO.,themed decor set,32.86
8/2/24,Party Time Balloons,balloon arch + centerpieces,51.90
08/02/2024,Tony's Pizza Co.,party pizza package,39.28
2024-08-02,Theme Party Decor,themed decor set,35.05
2024-08-07,Party Time Balloon Co.,balloon arch + centerpieces,"$48.44"
08/07/2024,Tony's Pizza Co.,party pizza package,39.22
8/7/24,Theme Party Decor Co,themed decor set,30.62
8/7/24,Roast House Coffee,coffee beans + snacks,48.17
2024-08-17,Roast House Coffee Co.,coffee beans + snacks,"$47.91"
8/26/24,CleanCo Supply,cleaning supplies,"$52.66"
2024-08-16,Playworks Toys,new play equipment,"$124.02"
09/29/2024,PARTY TIME BALLOONS,balloon arch + centerpieces,"$47.93"
9/29/24,Tonys Pizza,party pizza package,"$38.05"
09/29/2024,THEME PARTY DECOR CO.,themed decor set,"$36.06"
9/6/24,Party Time Balloons LLC,balloon arch + centerpieces,51.40
9/6/24,Tonys Pizza,party pizza package,"$40.40"
9/6/24,Theme Party Decor Co,themed decor set,"$38.27"
09/21/2024,Party Time Balloon Co.,balloon arch + centerpieces,"$50.79"
2024-09-21,Tonys Pizza,party pizza package,"$40.73"
9/21/24,THEME PARTY DECOR CO.,themed decor set,"$36.59"
2024-09-23,Party Time Balloons LLC,balloon arch + centerpieces,54.82
9/23/24,Tony's Pizza Co.,party pizza package,"$42.90"
9/23/24,Theme Party Decor Co,themed decor set,"$34.39"
09/02/2024,PARTY TIME BALLOONS,balloon arch + centerpieces,49.91
9/2/24,Tony's Pizza Co.,party pizza package,"$43.62"
9/2/24,Theme Party Decor,themed decor set,33.63
2024-09-18,PARTY TIME BALLOONS,balloon arch + centerpieces,48.56
09/18/2024,TONY'S PIZZA CO,party pizza package,38.42
09/18/2024,THEME PARTY DECOR CO.,themed decor set,"$31.87"
9/19/24,Party Time Balloons LLC,balloon arch + centerpieces,"$49.41"
2024-09-19,Tony's Pizza Co.,party pizza package,38.70
09/19/2024,THEME PARTY DECOR CO.,themed decor set,"$37.13"
09/02/2024,PARTY TIME BALLOONS,balloon arch + centerpieces,"$55.38"
09/02/2024,Tony's Pizza Co.,party pizza package,40.18
9/2/24,Theme Party Decor,themed decor set,"$39.44"
9/11/24,Party Time Balloon Co.,balloon arch + centerpieces,"$48.74"
9/11/24,Tony's Pizza,party pizza package,"$39.98"
2024-09-11,Theme Party Decor Co,themed decor set,39.09
2024-09-08,Roast House Coffee Co.,coffee beans + snacks,53.68
2024-09-20,Roast House Coffee,coffee beans + snacks,46.02
9/27/24,CleanCo Supply,cleaning supplies,48.99
10/15/2024,PARTY TIME BALLOONS,balloon arch + centerpieces,"$52.31"
10/15/24,Tonys Pizza,party pizza package,43.44
10/15/2024,Theme Party Decor,themed decor set,"$35.20"
2024-10-26,Party Time Balloons LLC,balloon arch + centerpieces,"$50.15"
10/26/24,Tony's Pizza Co.,party pizza package,42.15
2024-10-26,Theme Party Decor,themed decor set,"$39.33"
10/05/2024,Party Time Balloon Co.,balloon arch + centerpieces,49.13
10/5/24,TONY'S PIZZA CO,party pizza package,"$37.33"
2024-10-05,THEME PARTY DECOR CO.,themed decor set,"$33.45"
2024-10-18,Party Time Balloons,balloon arch + centerpieces,"$54.18"
10/18/2024,Tony's Pizza Co.,party pizza package,"$37.76"
2024-10-18,Theme Party Decor Co,themed decor set,"$39.08"
10/26/2024,PARTY TIME BALLOONS,balloon arch + centerpieces,"$53.51"
10/26/24,Tony's Pizza,party pizza package,37.90
2024-10-26,Theme Party Decor Co,themed decor set,"$35.78"
2024-10-13,Party Time Balloons LLC,balloon arch + centerpieces,"$48.73"
10/13/2024,Tonys Pizza,party pizza package,39.86
10/13/24,THEME PARTY DECOR CO.,themed decor set,39.54
2024-10-21,Party Time Balloon Co.,balloon arch + centerpieces,"$54.24"
10/21/2024,TONY'S PIZZA CO,party pizza package,"$38.08"
2024-10-21,THEME PARTY DECOR CO.,themed decor set,"$34.73"
2024-10-14,Party Time Balloons,balloon arch + centerpieces,53.44
2024-10-14,Tony's Pizza,party pizza package,40.97
10/14/2024,THEME PARTY DECOR CO.,themed decor set,35.74
10/30/24,Party Time Balloons,balloon arch + centerpieces,55.77
10/30/2024,TONY'S PIZZA CO,party pizza package,"$37.38"
10/30/2024,THEME PARTY DECOR CO.,themed decor set,"$38.13"
10/25/24,Party Time Balloon Co.,balloon arch + centerpieces,"$51.39"
10/25/2024,Tony's Pizza Co.,party pizza package,"$40.13"
10/25/2024,THEME PARTY DECOR CO.,themed decor set,"$30.02"
10/08/2024,Party Time Balloons,balloon arch + centerpieces,"$53.57"
10/08/2024,Tony's Pizza Co.,party pizza package,"$40.65"
2024-10-08,THEME PARTY DECOR CO.,themed decor set,30.57
10/27/24,Party Time Balloon Co.,balloon arch + centerpieces,54.46
2024-10-27,TONY'S PIZZA CO,party pizza package,42.03
10/27/24,THEME PARTY DECOR CO.,themed decor set,31.65
10/05/2024,Roast House Coffee,coffee beans + snacks,50.12
10/18/24,Roast House Coffee Co.,coffee beans + snacks,"$49.01"
10/27/2024,CleanCo Supply,cleaning supplies,50.03
,,MONTH TOTAL,1663.53
11/28/24,PARTY TIME BALLOONS,balloon arch + centerpieces,"$48.56"
11/28/2024,Tony's Pizza,party pizza package,41.09
2024-11-28,Theme Party Decor,themed decor set,39.91
11/20/2024,PARTY TIME BALLOONS,balloon arch + centerpieces,"$47.70"
11/20/2024,TONY'S PIZZA CO,party pizza package,37.93
11/20/24,Theme Party Decor,themed decor set,"$36.80"
2024-11-09,Party Time Balloon Co.,balloon arch + centerpieces,52.34
2024-11-09,TONY'S PIZZA CO,party pizza package,"$43.70"
11/09/2024,Theme Party Decor Co,themed decor set,"$37.37"
11/5/24,Party Time Balloon Co.,balloon arch + centerpieces,50.05
11/5/24,Tony's Pizza,party pizza package,39.82
11/05/2024,Theme Party Decor,themed decor set,"$38.96"
2024-11-26,Party Time Balloon Co.,balloon arch + centerpieces,"$50.94"
2024-11-26,Tony's Pizza Co.,party pizza package,37.43
2024-11-26,Theme Party Decor,themed decor set,"$33.17"
11/3/24,Party Time Balloons,balloon arch + centerpieces,51.90
11/03/2024,TONY'S PIZZA CO,party pizza package,"$43.05"
2024-11-03,THEME PARTY DECOR CO.,themed decor set,"$31.21"
11/7/24,PARTY TIME BALLOONS,balloon arch + centerpieces,"$54.27"
2024-11-07,Tony's Pizza Co.,party pizza package,43.96
11/07/2024,Theme Party Decor Co,themed decor set,36.76
11/13/24,Party Time Balloons,balloon arch + centerpieces,"$53.26"
11/13/2024,Tony's Pizza Co.,party pizza package,42.76
11/13/2024,Theme Party Decor,themed decor set,30.86
2024-11-24,Party Time Balloons,balloon arch + centerpieces,49.77
11/24/2024,Tony's Pizza Co.,party pizza package,38.43
11/24/24,Theme Party Decor Co,themed decor set,30.51
11/29/2024,PARTY TIME BALLOONS,balloon arch + centerpieces,50.90
11/29/2024,Tony's Pizza Co.,party pizza package,"$40.93"
11/29/2024,Theme Party Decor,themed decor set,39.75
11/12/24,PARTY TIME BALLOONS,balloon arch + centerpieces,"$54.82"
2024-11-12,Tonys Pizza,party pizza package,42.30
2024-11-12,Theme Party Decor Co,themed decor set,37.29
11/22/24,PARTY TIME BALLOONS,balloon arch + centerpieces,55.09
11/22/2024,TONY'S PIZZA CO,party pizza package,"$38.13"
11/22/2024,Theme Party Decor Co,themed decor set,30.25
2024-11-05,Roast House Coffee Co.,coffee beans + snacks,"$47.71"
11/19/24,ROAST HOUSE COFFEE,coffee beans + snacks,"$49.20"
2024-11-28,CleanCo Supply,cleaning supplies,50.93
2024-11-15,Playworks Toys,new play equipment,125.97
2024-12-12,Party Time Balloons,balloon arch + centerpieces,"$55.11"
12/12/24,TONY'S PIZZA CO,party pizza package,38.56
12/12/24,Theme Party Decor Co,themed decor set,38.21
12/10/2024,PARTY TIME BALLOONS,balloon arch + centerpieces,55.54
12/10/24,Tonys Pizza,party pizza package,41.24
2024-12-10,Theme Party Decor,themed decor set,"$38.36"
2024-12-30,Party Time Balloons LLC,balloon arch + centerpieces,"$48.39"
2024-12-30,Tony's Pizza,party pizza package,"$39.26"
12/30/2024,Theme Party Decor Co,themed decor set,"$31.88"
12/15/24,Party Time Balloon Co.,balloon arch + centerpieces,"$47.33"
12/15/24,Tonys Pizza,party pizza package,43.46
12/15/2024,Theme Party Decor,themed decor set,31.84
12/4/24,Party Time Balloon Co.,balloon arch + centerpieces,49.99
12/04/2024,TONY'S PIZZA CO,party pizza package,"$41.81"
12/4/24,THEME PARTY DECOR CO.,themed decor set,30.40
2024-12-14,Party Time Balloon Co.,balloon arch + centerpieces,"$55.56"
12/14/2024,Tony's Pizza,party pizza package,42.99
12/14/24,THEME PARTY DECOR CO.,themed decor set,"$37.65"
2024-12-18,Party Time Balloons,balloon arch + centerpieces,"$55.79"
12/18/2024,TONY'S PIZZA CO,party pizza package,41.81
12/18/2024,Theme Party Decor,themed decor set,"$31.22"
12/13/2024,Party Time Balloon Co.,balloon arch + centerpieces,"$50.32"
2024-12-13,Tonys Pizza,party pizza package,41.34
2024-12-13,Theme Party Decor Co,themed decor set,37.34
12/10/2024,Party Time Balloons,balloon arch + centerpieces,52.50
12/10/24,Tonys Pizza,party pizza package,"$37.55"
2024-12-10,Theme Party Decor Co,themed decor set,"$32.92"
12/11/2024,Party Time Balloons LLC,balloon arch + centerpieces,52.85
12/11/24,TONY'S PIZZA CO,party pizza package,"$41.05"
2024-12-11,THEME PARTY DECOR CO.,themed decor set,36.73
12/19/24,Party Time Balloons,balloon arch + centerpieces,"$54.26"
2024-12-19,TONY'S PIZZA CO,party pizza package,39.63
12/19/24,THEME PARTY DECOR CO.,themed decor set,"$33.89"
12/13/2024,Party Time Balloons,balloon arch + centerpieces,"$50.81"
12/13/2024,Tony's Pizza,party pizza package,42.96
2024-12-13,Theme Party Decor Co,themed decor set,"$36.76"
2024-12-23,Party Time Balloons,balloon arch + centerpieces,"$48.82"
12/23/2024,Tony's Pizza Co.,party pizza package,"$39.63"
12/23/24,Theme Party Decor,themed decor set,"$31.39"
12/4/24,ROAST HOUSE COFFEE,coffee beans + snacks,49.63
12/16/2024,Roast House Coffee,coffee beans + snacks,48.71
12/26/24,CleanCo Supply Inc,cleaning supplies,"$47.63"
1/5/25,Party Time Balloons LLC,balloon arch + centerpieces,54.21
01/05/2025,TONY'S PIZZA CO,party pizza package,"$43.36"
2025-01-05,Theme Party Decor,themed decor set,34.88
1/22/25,PARTY TIME BALLOONS,balloon arch + centerpieces,"$52.76"
01/22/2025,Tony's Pizza,party pizza package,37.44
2025-01-22,Theme Party Decor,themed decor set,30.69
01/09/2025,Party Time Balloons,balloon arch + centerpieces,49.15
01/09/2025,Tonys Pizza,party pizza package,37.05
01/09/2025,Theme Party Decor,themed decor set,"$30.03"
2025-01-21,Party Time Balloons LLC,balloon arch + centerpieces,"$47.08"
2025-01-21,Tony's Pizza Co.,party pizza package,40.07
2025-01-21,Theme Party Decor,themed decor set,36.09
2025-01-25,Party Time Balloon Co.,balloon arch + centerpieces,"$48.79"
1/25/25,Tony's Pizza,party pizza package,"$39.18"
2025-01-25,THEME PARTY DECOR CO.,themed decor set,35.33
01/11/2025,Party Time Balloon Co.,balloon arch + centerpieces,"$47.24"
01/11/2025,Tony's Pizza,party pizza package,43.54
2025-01-11,Theme Party Decor,themed decor set,36.32
2025-01-26,Party Time Balloons,balloon arch + centerpieces,"$51.28"
2025-01-26,Tony's Pizza,party pizza package,"$38.08"
1/26/25,THEME PARTY DECOR CO.,themed decor set,"$37.95"
2025-01-14,PARTY TIME BALLOONS,balloon arch + centerpieces,55.92
01/14/2025,Tony's Pizza Co.,party pizza package,"$41.90"
01/14/2025,Theme Party Decor,themed decor set,30.36
1/6/25,Party Time Balloons LLC,balloon arch + centerpieces,48.15
1/6/25,Tony's Pizza Co.,party pizza package,43.64
2025-01-06,Theme Party Decor,themed decor set,34.16
01/19/2025,PARTY TIME BALLOONS,balloon arch + centerpieces,52.34
2025-01-19,TONY'S PIZZA CO,party pizza package,"$41.13"
1/19/25,THEME PARTY DECOR CO.,themed decor set,36.07
1/10/25,PARTY TIME BALLOONS,balloon arch + centerpieces,48.93
1/10/25,Tony's Pizza,party pizza package,38.58
2025-01-10,THEME PARTY DECOR CO.,themed decor set,36.61
1/29/25,Party Time Balloons,balloon arch + centerpieces,"$47.03"
2025-01-29,Tonys Pizza,party pizza package,"$39.13"
2025-01-29,THEME PARTY DECOR CO.,themed decor set,37.98
2025-01-29,Party Time Balloon Co.,balloon arch + centerpieces,"$51.34"
1/29/25,TONY'S PIZZA CO,party pizza package,"$40.82"
01/29/2025,Theme Party Decor,themed decor set,35.37
01/03/2025,Roast House Coffee,coffee beans + snacks,51.23
2025-01-18,Roast House Coffee Co.,coffee beans + snacks,"$49.30"
01/25/2025,CLEANCO SUPPLY,cleaning supplies,"$47.79"
2025-02-09,Party Time Balloons,balloon arch + centerpieces,53.35
02/09/2025,Tonys Pizza,party pizza package,"$38.57"
2/9/25,Theme Party Decor Co,themed decor set,"$32.70"
2025-02-27,Party Time Balloons,balloon arch + centerpieces,54.36
2025-02-27,TONY'S PIZZA CO,party pizza package,41.32
02/27/2025,THEME PARTY DECOR CO.,themed decor set,"$39.06"
02/11/2025,PARTY TIME BALLOONS,balloon arch + centerpieces,52.87
2025-02-11,TONY'S PIZZA CO,party pizza package,"$41.11"
02/11/2025,THEME PARTY DECOR CO.,themed decor set,39.16
02/23/2025,Party Time Balloons,balloon arch + centerpieces,"$55.43"
2025-02-23,Tony's Pizza Co.,party pizza package,"$40.96"
2025-02-23,Theme Party Decor Co,themed decor set,"$34.18"
2025-02-09,Party Time Balloons LLC,balloon arch + centerpieces,48.82
02/09/2025,Tonys Pizza,party pizza package,"$42.87"
02/09/2025,Theme Party Decor,themed decor set,32.47
2025-02-08,Party Time Balloons LLC,balloon arch + centerpieces,"$48.16"
02/08/2025,Tonys Pizza,party pizza package,41.85
2025-02-08,THEME PARTY DECOR CO.,themed decor set,"$35.59"
02/21/2025,Party Time Balloon Co.,balloon arch + centerpieces,"$47.64"
2/21/25,Tony's Pizza,party pizza package,"$39.00"
2/21/25,Theme Party Decor Co,themed decor set,"$36.73"
02/12/2025,Party Time Balloon Co.,balloon arch + centerpieces,53.23
02/12/2025,Tony's Pizza,party pizza package,"$37.89"
2/12/25,THEME PARTY DECOR CO.,themed decor set,"$31.06"
2025-02-23,Party Time Balloons LLC,balloon arch + centerpieces,"$51.54"
2025-02-23,Tony's Pizza Co.,party pizza package,"$42.90"
2025-02-23,Theme Party Decor,themed decor set,35.42
2025-02-06,PARTY TIME BALLOONS,balloon arch + centerpieces,50.26
02/06/2025,Tony's Pizza,party pizza package,38.51
2025-02-06,Theme Party Decor,themed decor set,"$34.51"
02/26/2025,Party Time Balloons LLC,balloon arch + centerpieces,53.72
02/26/2025,TONY'S PIZZA CO,party pizza package,42.09
02/26/2025,Theme Party Decor Co,themed decor set,32.26
2025-02-16,PARTY TIME BALLOONS,balloon arch + centerpieces,54.95
2/16/25,Tony's Pizza Co.,party pizza package,"$37.98"
02/16/2025,Theme Party Decor,themed decor set,33.85
2/3/25,Roast House Coffee,coffee beans + snacks,51.29
2025-02-21,ROAST HOUSE COFFEE,coffee beans + snacks,52.53
02/27/2025,CleanCo Supply,cleaning supplies,51.97
2025-02-16,Playworks Toys,new play equipment,106.81
2025-03-15,Party Time Balloon Co.,balloon arch + centerpieces,"$47.47"
03/15/2025,Tony's Pizza Co.,party pizza package,42.07
03/15/2025,Theme Party Decor Co,themed decor set,34.60
3/22/25,Party Time Balloons LLC,balloon arch + centerpieces,54.85
03/22/2025,Tony's Pizza,party pizza package,40.02
3/22/25,Theme Party Decor,themed decor set,"$36.77"
3/3/25,Party Time Balloons,balloon arch + centerpieces,50.81
2025-03-03,Tonys Pizza,party pizza package,43.84
3/3/25,Theme Party Decor,themed decor set,30.86
2025-03-02,Party Time Balloon Co.,balloon arch + centerpieces,"$55.58"
3/2/25,Tonys Pizza,party pizza package,43.60
3/2/25,Theme Party Decor,themed decor set,"$31.91"
03/02/2025,Party Time Balloons LLC,balloon arch + centerpieces,50.37
2025-03-02,TONY'S PIZZA CO,party pizza package,37.05
03/02/2025,THEME PARTY DECOR CO.,themed decor set,"$35.23"
03/04/2025,PARTY TIME BALLOONS,balloon arch + centerpieces,"$54.11"
3/4/25,TONY'S PIZZA CO,party pizza package,38.47
3/4/25,Theme Party Decor,themed decor set,"$35.03"
2025-03-14,Party Time Balloons LLC,balloon arch + centerpieces,"$52.82"
03/14/2025,Tonys Pizza,party pizza package,42.00
3/14/25,THEME PARTY DECOR CO.,themed decor set,31.19
03/12/2025,Party Time Balloons,balloon arch + centerpieces,48.63
03/12/2025,Tonys Pizza,party pizza package,"$38.37"
3/12/25,Theme Party Decor Co,themed decor set,30.01
03/25/2025,Party Time Balloon Co.,balloon arch + centerpieces,"$50.79"
3/25/25,Tony's Pizza,party pizza package,"$41.97"
03/25/2025,Theme Party Decor Co,themed decor set,38.17
2025-03-03,Roast House Coffee Co.,coffee beans + snacks,"$53.54"
3/19/25,Roast House Coffee Co.,coffee beans + snacks,"$52.51"
3/25/25,CLEANCO SUPPLY,cleaning supplies,51.23
04/22/2025,Party Time Balloon Co.,balloon arch + centerpieces,"$54.36"
4/22/25,Tony's Pizza,party pizza package,"$40.27"
04/22/2025,THEME PARTY DECOR CO.,themed decor set,32.73
2025-04-06,Party Time Balloon Co.,balloon arch + centerpieces,49.43
2025-04-06,TONY'S PIZZA CO,party pizza package,37.26
04/06/2025,THEME PARTY DECOR CO.,themed decor set,32.02
4/6/25,Party Time Balloon Co.,balloon arch + centerpieces,48.64
04/06/2025,Tony's Pizza,party pizza package,38.04
04/06/2025,THEME PARTY DECOR CO.,themed decor set,33.39
04/19/2025,Party Time Balloon Co.,balloon arch + centerpieces,52.05
04/19/2025,Tony's Pizza,party pizza package,41.16
04/19/2025,Theme Party Decor Co,themed decor set,34.68
2025-04-07,Party Time Balloon Co.,balloon arch + centerpieces,"$51.21"
04/07/2025,Tony's Pizza,party pizza package,38.28
4/7/25,Theme Party Decor Co,themed decor set,30.87
4/11/25,PARTY TIME BALLOONS,balloon arch + centerpieces,"$54.37"
04/11/2025,TONY'S PIZZA CO,party pizza package,"$43.47"
2025-04-11,Theme Party Decor Co,themed decor set,34.20
2025-04-02,Party Time Balloon Co.,balloon arch + centerpieces,"$53.68"
04/02/2025,Tony's Pizza Co.,party pizza package,37.26
2025-04-02,Theme Party Decor Co,themed decor set,32.46
2025-04-03,Party Time Balloons LLC,balloon arch + centerpieces,48.02
04/03/2025,Tony's Pizza Co.,party pizza package,43.59
4/3/25,Theme Party Decor,themed decor set,"$31.06"
2025-04-11,Party Time Balloon Co.,balloon arch + centerpieces,"$49.54"
04/11/2025,TONY'S PIZZA CO,party pizza package,"$38.24"
04/11/2025,Theme Party Decor,themed decor set,36.49
2025-04-21,Party Time Balloons LLC,balloon arch + centerpieces,54.76
4/21/25,Tony's Pizza,party pizza package,37.64
2025-04-21,Theme Party Decor,themed decor set,33.87
04/05/2025,Roast House Coffee,coffee beans + snacks,"$52.61"
04/18/2025,ROAST HOUSE COFFEE,coffee beans + snacks,"$50.73"
04/27/2025,CleanCo Supply Inc,cleaning supplies,51.71
,,MONTH TOTAL,"$1,492.81"
5/14/25,PARTY TIME BALLOONS,balloon arch + centerpieces,"$54.95"
2025-05-14,Tony's Pizza Co.,party pizza package,40.07
5/14/25,THEME PARTY DECOR CO.,themed decor set,32.41
05/16/2025,Party Time Balloon Co.,balloon arch + centerpieces,"$52.12"
05/16/2025,Tonys Pizza,party pizza package,43.31
5/16/25,THEME PARTY DECOR CO.,themed decor set,38.32
05/30/2025,PARTY TIME BALLOONS,balloon arch + centerpieces,"$54.95"
5/30/25,Tony's Pizza,party pizza package,"$37.94"
5/30/25,Theme Party Decor Co,themed decor set,35.21
05/29/2025,PARTY TIME BALLOONS,balloon arch + centerpieces,49.39
5/29/25,Tonys Pizza,party pizza package,42.96
2025-05-29,Theme Party Decor Co,themed decor set,31.52
5/21/25,PARTY TIME BALLOONS,balloon arch + centerpieces,"$49.71"
5/21/25,Tony's Pizza,party pizza package,"$41.33"
5/21/25,Theme Party Decor,themed decor set,"$39.98"
2025-05-19,Party Time Balloon Co.,balloon arch + centerpieces,47.05
5/19/25,TONY'S PIZZA CO,party pizza package,38.73
5/19/25,Theme Party Decor Co,themed decor set,39.47
2025-05-30,Party Time Balloons LLC,balloon arch + centerpieces,53.78
2025-05-30,Tony's Pizza,party pizza package,38.57
5/30/25,THEME PARTY DECOR CO.,themed decor set,"$34.44"
5/17/25,PARTY TIME BALLOONS,balloon arch + centerpieces,"$49.13"
05/17/2025,Tony's Pizza Co.,party pizza package,37.47
05/17/2025,THEME PARTY DECOR CO.,themed decor set,"$35.06"
2025-05-02,Party Time Balloons LLC,balloon arch + centerpieces,54.83
2025-05-02,Tony's Pizza,party pizza package,"$41.51"
05/02/2025,THEME PARTY DECOR CO.,themed decor set,37.72
2025-05-18,Party Time Balloon Co.,balloon arch + centerpieces,"$50.45"
05/18/2025,Tonys Pizza,party pizza package,42.42
2025-05-18,Theme Party Decor Co,themed decor set,30.47
2025-05-06,ROAST HOUSE COFFEE,coffee beans + snacks,51.38
2025-05-18,Roast House Coffee,coffee beans + snacks,"$48.31"
05/24/2025,CLEANCO SUPPLY,cleaning supplies,48.92
05/11/2025,Playworks Toys LLC,new play equipment,"$104.35"
2025-06-27,Party Time Balloons,balloon arch + centerpieces,"$47.06"
2025-06-27,Tony's Pizza Co.,party pizza package,"$41.33"
2025-06-27,Theme Party Decor,themed decor set,37.28
6/2/25,Party Time Balloons,balloon arch + centerpieces,55.57
06/02/2025,Tony's Pizza,party pizza package,"$42.40"
6/2/25,THEME PARTY DECOR CO.,themed decor set,30.35
6/27/25,Party Time Balloons,balloon arch + centerpieces,"$54.25"
2025-06-27,Tony's Pizza Co.,party pizza package,43.57
6/27/25,Theme Party Decor,themed decor set,"$34.57"
06/07/2025,Party Time Balloons LLC,balloon arch + centerpieces,"$48.98"
2025-06-07,Tony's Pizza Co.,party pizza package,37.40
6/7/25,Theme Party Decor Co,themed decor set,32.43
06/11/2025,Party Time Balloons LLC,balloon arch + centerpieces,"$55.30"
6/11/25,TONY'S PIZZA CO,party pizza package,42.10
6/11/25,Theme Party Decor Co,themed decor set,36.81
6/2/25,Party Time Balloon Co.,balloon arch + centerpieces,51.59
6/2/25,Tony's Pizza Co.,party pizza package,39.11
2025-06-02,Theme Party Decor,themed decor set,34.54
2025-06-18,Party Time Balloons LLC,balloon arch + centerpieces,50.34
6/18/25,Tony's Pizza,party pizza package,42.11
6/18/25,Theme Party Decor,themed decor set,31.34
2025-06-17,Party Time Balloon Co.,balloon arch + centerpieces,"$48.24"
6/17/25,Tonys Pizza,party pizza package,"$37.77"
6/17/25,Theme Party Decor Co,themed decor set,"$38.77"
06/08/2025,Party Time Balloons,balloon arch + centerpieces,55.44
06/08/2025,Tony's Pizza Co.,party pizza package,"$39.54"
2025-06-08,Theme Party Decor,themed decor set,37.18
2025-06-20,Party Time Balloon Co.,balloon arch + centerpieces,"$47.95"
06/20/2025,Tony's Pizza,party pizza package,39.83
2025-06-20,THEME PARTY DECOR CO.,themed decor set,38.29
2025-06-15,Party Time Balloon Co.,balloon arch + centerpieces,"$54.94"
06/15/2025,Tony's Pizza Co.,party pizza package,"$43.74"
06/15/2025,THEME PARTY DECOR CO.,themed decor set,"$31.81"
06/02/2025,Roast House Coffee Co.,coffee beans + snacks,"$52.26"
6/22/25,Roast House Coffee,coffee beans + snacks,"$50.07"
2025-06-26,CleanCo Supply,cleaning supplies,52.84
7/16/25,Party Time Balloons,balloon arch + centerpieces,49.81
7/16/25,Tonys Pizza,party pizza package,"$39.08"
07/16/2025,Theme Party Decor,themed decor set,"$33.19"
7/15/25,Party Time Balloon Co.,balloon arch + centerpieces,"$50.19"
2025-07-15,Tony's Pizza Co.,party pizza package,"$40.24"
07/15/2025,Theme Party Decor Co,themed decor set,36.50
7/2/25,Party Time Balloons,balloon arch + centerpieces,"$53.48"
2025-07-02,TONY'S PIZZA CO,party pizza package,"$42.59"
2025-07-02,Theme Party Decor,themed decor set,33.55
2025-07-05,Party Time Balloons LLC,balloon arch + centerpieces,"$48.86"
7/5/25,Tony's Pizza,party pizza package,"$42.70"
2025-07-05,Theme Party Decor Co,themed decor set,"$39.28"
7/17/25,Party Time Balloons LLC,balloon arch + centerpieces,53.88
7/17/25,Tony's Pizza Co.,party pizza package,43.48
2025-07-17,Theme Party Decor Co,themed decor set,"$36.18"
2025-07-24,PARTY TIME BALLOONS,balloon arch + centerpieces,"$53.73"
2025-07-24,TONY'S PIZZA CO,party pizza package,"$39.99"
2025-07-24,Theme Party Decor,themed decor set,"$38.98"
2025-07-17,Party Time Balloon Co.,balloon arch + centerpieces,55.17
2025-07-17,Tony's Pizza Co.,party pizza package,"$37.06"
2025-07-17,Theme Party Decor Co,themed decor set,"$33.94"
07/02/2025,Party Time Balloon Co.,balloon arch + centerpieces,51.81
07/02/2025,Tony's Pizza,party pizza package,44.00
2025-07-02,Theme Party Decor Co,themed decor set,31.59
2025-07-03,Party Time Balloon Co.,balloon arch + centerpieces,55.68
2025-07-03,TONY'S PIZZA CO,party pizza package,"$42.90"
07/03/2025,Theme Party Decor Co,themed decor set,35.03
07/03/2025,PARTY TIME BALLOONS,balloon arch + centerpieces,53.20
7/3/25,Tony's Pizza,party pizza package,"$38.46"
07/03/2025,Theme Party Decor Co,themed decor set,34.00
7/8/25,ROAST HOUSE COFFEE,coffee beans + snacks,"$50.84"
7/20/25,Roast House Coffee Co.,coffee beans + snacks,53.61
7/27/25,CleanCo Supply,cleaning supplies,51.55
08/12/2025,Party Time Balloons LLC,balloon arch + centerpieces,50.81
8/12/25,TONY'S PIZZA CO,party pizza package,42.86
8/12/25,Theme Party Decor,themed decor set,"$32.76"
8/2/25,Party Time Balloons LLC,balloon arch + centerpieces,53.04
8/2/25,Tony's Pizza,party pizza package,38.62
2025-08-02,Theme Party Decor Co,themed decor set,"$35.75"
2025-08-30,Party Time Balloons LLC,balloon arch + centerpieces,"$48.08"
2025-08-30,Tonys Pizza,party pizza package,"$41.20"
8/30/25,Theme Party Decor,themed decor set,"$37.00"
8/9/25,Party Time Balloons LLC,balloon arch + centerpieces,"$55.99"
8/9/25,TONY'S PIZZA CO,party pizza package,"$37.85"
08/09/2025,Theme Party Decor Co,themed decor set,35.17
8/25/25,Party Time Balloon Co.,balloon arch + centerpieces,47.34
08/25/2025,Tony's Pizza,party pizza package,43.72
8/25/25,THEME PARTY DECOR CO.,themed decor set,33.56
2025-08-09,PARTY TIME BALLOONS,balloon arch + centerpieces,"$53.31"
08/09/2025,Tony's Pizza Co.,party pizza package,"$41.24"
08/09/2025,Theme Party Decor Co,themed decor set,"$37.81"
08/15/2025,Party Time Balloons LLC,balloon arch + centerpieces,49.94
8/15/25,Tony's Pizza Co.,party pizza package,"$43.17"
2025-08-15,Theme Party Decor,themed decor set,30.34
08/10/2025,Party Time Balloon Co.,balloon arch + centerpieces,52.45
08/10/2025,Tony's Pizza,party pizza package,41.63
8/10/25,THEME PARTY DECOR CO.,themed decor set,37.11
2025-08-03,Roast House Coffee,coffee beans + snacks,"$58.04"
08/21/2025,Roast House Coffee,coffee beans + snacks,58.82
08/27/2025,CleanCo Supply,cleaning supplies,"$51.71"
8/18/25,Playworks Toys LLC,new play equipment,"$139.18"
09/28/2025,Party Time Balloons,balloon arch + centerpieces,52.35
2025-09-28,Tonys Pizza,party pizza package,39.21
2025-09-28,THEME PARTY DECOR CO.,themed decor set,32.62
09/10/2025,Party Time Balloons LLC,balloon arch + centerpieces,"$54.17"
09/10/2025,Tony's Pizza,party pizza package,"$40.64"
9/10/25,Theme Party Decor,themed decor set,30.45
9/20/25,Party Time Balloons LLC,balloon arch + centerpieces,"$53.04"
09/20/2025,Tony's Pizza,party pizza package,"$40.64"
2025-09-20,THEME PARTY DECOR CO.,themed decor set,35.65
2025-09-18,Party Time Balloon Co.,balloon arch + centerpieces,"$52.51"
09/18/2025,Tonys Pizza,party pizza package,41.74
2025-09-18,Theme Party Decor Co,themed decor set,36.80
09/14/2025,Party Time Balloons,balloon arch + centerpieces,"$49.55"
9/14/25,Tony's Pizza,party pizza package,43.80
09/14/2025,Theme Party Decor,themed decor set,32.33
9/15/25,Party Time Balloon Co.,balloon arch + centerpieces,"$54.47"
2025-09-15,Tony's Pizza Co.,party pizza package,39.39
09/15/2025,THEME PARTY DECOR CO.,themed decor set,31.79
2025-09-30,Party Time Balloons,balloon arch + centerpieces,50.10
9/30/25,Tony's Pizza Co.,party pizza package,39.78
09/30/2025,THEME PARTY DECOR CO.,themed decor set,39.64
09/16/2025,Party Time Balloons LLC,balloon arch + centerpieces,"$54.10"
9/16/25,Tony's Pizza,party pizza package,"$39.72"
09/16/2025,Theme Party Decor,themed decor set,37.70
9/27/25,Party Time Balloons,balloon arch + centerpieces,"$55.52"
09/27/2025,Tony's Pizza,party pizza package,"$41.53"
2025-09-27,Theme Party Decor Co,themed decor set,"$38.33"
9/27/25,Party Time Balloons,balloon arch + centerpieces,"$48.69"
2025-09-27,Tonys Pizza,party pizza package,40.15
2025-09-27,THEME PARTY DECOR CO.,themed decor set,"$36.12"
09/03/2025,ROAST HOUSE COFFEE,coffee beans + snacks,62.83
09/19/2025,ROAST HOUSE COFFEE,coffee beans + snacks,59.55
9/25/25,CLEANCO SUPPLY,cleaning supplies,"$52.38"
10/3/25,PARTY TIME BALLOONS,balloon arch + centerpieces,"$48.22"
10/03/2025,TONY'S PIZZA CO,party pizza package,38.42
2025-10-03,Theme Party Decor Co,themed decor set,38.78
2025-10-02,Party Time Balloons,balloon arch + centerpieces,"$48.09"
10/02/2025,Tony's Pizza Co.,party pizza package,41.26
10/2/25,Theme Party Decor,themed decor set,39.38
10/8/25,Party Time Balloons LLC,balloon arch + centerpieces,53.18
10/8/25,Tonys Pizza,party pizza package,37.55
10/8/25,THEME PARTY DECOR CO.,themed decor set,"$39.40"
10/24/25,PARTY TIME BALLOONS,balloon arch + centerpieces,"$54.52"
2025-10-24,Tonys Pizza,party pizza package,42.68
10/24/25,Theme Party Decor,themed decor set,31.65
10/25/2025,Party Time Balloons LLC,balloon arch + centerpieces,53.40
2025-10-25,Tony's Pizza Co.,party pizza package,42.78
2025-10-25,Theme Party Decor,themed decor set,32.57
10/29/25,PARTY TIME BALLOONS,balloon arch + centerpieces,"$49.03"
2025-10-29,Tony's Pizza Co.,party pizza package,"$37.27"
2025-10-29,Theme Party Decor,themed decor set,30.84
10/12/25,Party Time Balloons,balloon arch + centerpieces,47.90
10/12/2025,Tony's Pizza,party pizza package,"$38.17"
10/12/2025,Theme Party Decor Co,themed decor set,33.38
2025-10-29,Party Time Balloons LLC,balloon arch + centerpieces,"$51.87"
10/29/2025,Tonys Pizza,party pizza package,"$40.97"
10/29/2025,Theme Party Decor,themed decor set,39.85
10/13/2025,PARTY TIME BALLOONS,balloon arch + centerpieces,54.63
10/13/25,Tonys Pizza,party pizza package,"$42.95"
10/13/25,THEME PARTY DECOR CO.,themed decor set,34.18
10/27/2025,Party Time Balloons,balloon arch + centerpieces,47.32
10/27/2025,Tony's Pizza,party pizza package,"$39.76"
10/27/2025,Theme Party Decor,themed decor set,37.13
10/9/25,PARTY TIME BALLOONS,balloon arch + centerpieces,55.86
10/9/25,Tony's Pizza Co.,party pizza package,"$43.09"
10/9/25,Theme Party Decor Co,themed decor set,"$39.68"
2025-10-07,Roast House Coffee,coffee beans + snacks,63.68
2025-10-17,Roast House Coffee Co.,coffee beans + snacks,"$61.51"
10/27/2025,CleanCo Supply,cleaning supplies,52.58
,,MONTH TOTAL,1720.01
11/20/2025,PARTY TIME BALLOONS,balloon arch + centerpieces,49.46
11/20/2025,Tonys Pizza,party pizza package,43.54
2025-11-20,Theme Party Decor,themed decor set,35.43
2025-11-09,Party Time Balloons LLC,balloon arch + centerpieces,54.57
11/09/2025,Tony's Pizza,party pizza package,"$39.26"
2025-11-09,THEME PARTY DECOR CO.,themed decor set,"$36.65"
2025-11-20,Party Time Balloons,balloon arch + centerpieces,50.20
2025-11-20,Tonys Pizza,party pizza package,"$42.35"
11/20/25,Theme Party Decor Co,themed decor set,"$31.18"
2025-11-11,Party Time Balloons,balloon arch + centerpieces,50.15
2025-11-11,Tony's Pizza Co.,party pizza package,38.45
2025-11-11,Theme Party Decor,themed decor set,"$34.58"
11/9/25,PARTY TIME BALLOONS,balloon arch + centerpieces,50.38
11/9/25,TONY'S PIZZA CO,party pizza package,39.24
11/09/2025,Theme Party Decor Co,themed decor set,39.73
11/05/2025,Party Time Balloon Co.,balloon arch + centerpieces,"$54.31"
11/05/2025,TONY'S PIZZA CO,party pizza package,38.16
2025-11-05,THEME PARTY DECOR CO.,themed decor set,32.35
2025-11-15,Party Time Balloons,balloon arch + centerpieces,48.12
11/15/25,TONY'S PIZZA CO,party pizza package,"$41.41"
11/15/25,Theme Party Decor Co,themed decor set,"$34.36"
11/2/25,Party Time Balloons,balloon arch + centerpieces,55.56
11/2/25,TONY'S PIZZA CO,party pizza package,"$37.63"
11/02/2025,Theme Party Decor Co,themed decor set,35.25
11/04/2025,Roast House Coffee Co.,coffee beans + snacks,61.65
11/16/2025,Roast House Coffee Co.,coffee beans + snacks,62.77
11/25/25,CLEANCO SUPPLY,cleaning supplies,"$48.99"
11/20/2025,Playworks Toys LLC,new play equipment,102.55
12/23/2025,PARTY TIME BALLOONS,balloon arch + centerpieces,"$49.19"
12/23/25,TONY'S PIZZA CO,party pizza package,39.47
12/23/25,Theme Party Decor Co,themed decor set,"$32.88"
12/03/2025,PARTY TIME BALLOONS,balloon arch + centerpieces,47.35
12/03/2025,Tony's Pizza Co.,party pizza package,37.44
12/03/2025,Theme Party Decor,themed decor set,"$31.70"
2025-12-16,Party Time Balloons LLC,balloon arch + centerpieces,50.76
12/16/2025,TONY'S PIZZA CO,party pizza package,"$43.74"
12/16/2025,Theme Party Decor Co,themed decor set,36.96
12/17/2025,Party Time Balloons,balloon arch + centerpieces,49.40
12/17/2025,Tonys Pizza,party pizza package,37.03
2025-12-17,Theme Party Decor,themed decor set,39.82
12/17/2025,Party Time Balloons,balloon arch + centerpieces,51.93
12/17/2025,Tony's Pizza,party pizza package,"$40.90"
12/17/2025,Theme Party Decor,themed decor set,"$36.29"
2025-12-21,Party Time Balloons,balloon arch + centerpieces,"$50.06"
12/21/25,Tony's Pizza,party pizza package,43.66
12/21/2025,Theme Party Decor Co,themed decor set,"$34.81"
12/26/2025,Party Time Balloons LLC,balloon arch + centerpieces,55.60
12/26/25,Tonys Pizza,party pizza package,39.59
12/26/25,Theme Party Decor,themed decor set,36.78
12/15/2025,Party Time Balloon Co.,balloon arch + centerpieces,"$55.06"
12/15/2025,TONY'S PIZZA CO,party pizza package,37.61
2025-12-15,THEME PARTY DECOR CO.,themed decor set,36.06
2025-12-08,Party Time Balloon Co.,balloon arch + centerpieces,"$53.93"
2025-12-08,Tonys Pizza,party pizza package,39.24
2025-12-08,Theme Party Decor,themed decor set,33.64
12/5/25,Roast House Coffee Co.,coffee beans + snacks,61.70
2025-12-19,Roast House Coffee,coffee beans + snacks,"$62.64"
2025-12-28,CleanCo Supply,cleaning supplies,47.26
